"study_id","cytof_barcode_id","olink_id","tumor_B","tumor_CAF","tumor_CD4","tumor_CD8","tumor_Endothelial","tumor_Macrophage","tumor_NK"
112,1069,4130,0.0428719476590058,0.0680534664816624,0.383089253764584,0.0817243338494377,0.337260410188195,0.0870005797940494,8.2630656071135e-09
62,254,2964,0.0717050550136961,0.315869109576073,0.294185652874963,0.0640663244229009,0.21986185266758,0.0343119933029332,1.21418531596396e-08
125,1140,4252,0.354892029439077,0.0697534317429231,0.405536062314477,1.43613692233363e-07,0.125239134249786,0.0445791909101431,7.72990101967917e-09
134,1254,4551,0.0779460863516479,0.199120282668059,0.233367369546625,0.0329919409071172,0.401295697361105,0.055278613277287,9.88815944751218e-09
31,7511,2569,0.0260075362189082,0.0569975400799231,0.436765129295914,0.171456278684228,0.287463133821251,0.0213103798252662,2.07450916512174e-09
141,1282,4613,0.0541269168348441,0.17525116880001,0.11827692196705,0.090077151119283,0.517217135083298,0.0450507059497224,2.45792066225396e-10
