"study_id_new","B","CAF","CD4","CD8","Endothelial","Macrophage","NK","study_id","sex","tumor_type_raw","Occassion","tumor_type","batch","total_perMB","logtmb"
"ISAC112",0.0428719476590058,0.0680534664816624,0.383089253764584,0.0817243338494377,0.337260410188195,0.0870005797940494,8.2630656071135e-09,"ISAC112","Female","Neuroblastoma","Primary","Neuroblastoma","btb",0.139664804469274,-0.854913022307855
"ISAC062",0.0717050550136961,0.315869109576073,0.294185652874963,0.0640663244229009,0.21986185266758,0.0343119933029332,1.21418531596396e-08,"ISAC062","Male","Neuroblastoma","Primary","Neuroblastoma","btb",0.167597765363129,-0.775731776260229
"ISAC125",0.354892029439077,0.0697534317429231,0.405536062314477,1.43613692233363e-07,0.125239134249786,0.0445791909101431,7.72990101967917e-09,"ISAC125","Male","Neuroblastoma","Primary","Neuroblastoma","btb",0.167597765363129,-0.775731776260229
"ISAC134",0.0779460863516479,0.199120282668059,0.233367369546625,0.0329919409071172,0.401295697361105,0.055278613277287,9.88815944751218e-09,"ISAC134","Male","Neuroblastoma","Primary","Neuroblastoma","btb",0.167597765363129,-0.775731776260229
"ISAC031",0.0260075362189082,0.0569975400799231,0.436765129295914,0.171456278684228,0.287463133821251,0.0213103798252662,2.07450916512174e-09,"ISAC031","Male","Neuroblastoma","Primary","Neuroblastoma","btb",0.614525139664804,-0.211460345821668
"ISAC100",0.0335067586462043,0.0979729031854853,0.551197168055328,0.174114165306007,0.1287498018077,0.0144592029778258,2.14492608480851e-11,"ISAC100","Female","Neuroblastoma","Primary","Neuroblastoma","btb",0.698324022346369,-0.155943017971837
"ISAC141",0.0541269168348441,0.17525116880001,0.11827692196705,0.090077151119283,0.517217135083298,0.0450507059497224,2.45792066225396e-10,"ISAC141","Female","Neuroblastoma","Primary","Neuroblastoma","btb",1.00558659217877,0.00241947412341244
"ISAC270",0.0452772538159237,0.0265787329165618,0.498709891180155,0.19962018210602,0.131042134328935,0.0987717859161319,1.97362722735005e-08,"ISAC270","Female","Neuroblastoma","Primary","Neuroblastoma","gms",6.75977653631285,0.829932339336557
"ISAC269",0.0445449293060381,0.0150496350720138,0.504356978922232,0.157609294518594,0.221496511313468,0.0569426503202341,5.47419498683163e-10,"ISAC269","Female","Neuroblastoma","Primary","Neuroblastoma","gms",9.35754189944134,0.971161780392971
